intra,HB,cg,1050,1219,1314,1409,1550,1609
10.2,85.4,272.2,4.172037723397377,4.087561251025257,3.6757631183212034,8.932077402497711,5.190415965144933,4.5326561016401925
5.2,5.4,331.1,3.8774696370215533,3.8834583895837156,3.690000698556883,9.072979227840229,5.527819325560966,4.48722636378778
18.2,90.0,409.7,4.154511756002606,4.070752395068233,4.015299500076713,9.875296701655095,5.675036553612827,4.539292323548853
10.3,117.0,221.7,4.043892346160678,3.8763338447004045,3.9879317351666987,7.3851654900236525,5.8925275611329795,4.556024570897463
8.9,49.2,533.5,2.178122537690337,2.883265286279288,2.976199291614268,7.806757659418778,5.70730376303289,4.888147808900339
10.5,143.8,283.7,3.922687775483121,4.064004441864553,3.687572811345202,7.864120269122907,5.717792313842505,4.884535632294821
11.0,31.0,110.9,4.481155968169563,4.509405793862609,3.8543185941955613,8.20755421739215,5.841620961583125,4.340932310228478
9.0,117.1,122.7,4.750559227984972,4.301003012458079,3.88160575182426,8.654091778730674,5.526557549392795,4.210443090932486
16.1,117.8,719.0,4.629563563545304,4.3873044104181,3.8725077354715634,8.89468848986023,5.31853530879037,4.346625605943487
6.3,25.3,262.6,3.6505871549451907,3.8375694851014117,3.9013814737979153,8.022752028940086,6.033035413144258,4.632697458544364
3.8,86.5,791.5,2.6006896582097685,3.0284996186039965,3.053669446666122,7.65063846311017,6.1640694170452655,5.192943270794466
10.0,99.9,811.2,4.661346620956344,4.252897028566586,3.877970000678175,8.7146991199366,4.9928330256377045,4.15972296356669
13.9,49.5,714.2,2.152368939086024,2.7841222854074417,2.8583945516281304,7.392427632057206,6.0941056068061705,4.909881903910705
17.9,167.7,963.2,2.4675631365706803,2.8417414879120972,2.866809469731585,8.035212403249492,5.984985298847711,4.9435536685968735
17.1,108.0,237.7,4.772264918513638,4.175711041232798,4.014479570955434,9.675375971974685,5.6582409788326515,4.22127632757045
16.6,32.5,694.5,2.900953435128203,3.411404723259839,3.3110260558993616,8.325583559900917,5.646325192591426,4.922440150208345
12.4,140.7,457.3,3.991296500135185,4.120827690507717,3.7569183880421555,9.044622730442853,6.093005045263368,4.608934593145623
4.8,23.8,84.2,2.4435298033145294,3.101393432488651,3.151582184459901,7.863000691838785,5.690720400181117,4.80375324765139
10.5,113.5,523.7,3.577252127369654,3.77476021786204,3.528492896895168,7.557476179348551,6.058756182236369,4.9552220705033
13.9,50.0,316.3,2.213817444892788,2.8548072579220403,2.940426758685442,7.526942579951381,5.869326978567443,5.09099918621488
11.1,66.4,411.8,4.454068053400604,4.423511968446412,3.705446663348761,8.574051777736827,5.606275100089796,4.445444584077695
9.2,144.9,866.8,4.299086044225586,4.167932295621696,3.874471214433761,6.493282844672557,5.420508295323671,4.389660448998075
6.4,132.0,113.6,3.926538836106559,4.05787716452474,3.8587717328876145,7.222249364605688,6.003307525245539,5.060593955351749
9.6,69.9,765.0,3.122079603490958,3.422590448495585,3.2685208197140376,7.400419167516912,6.462127647399345,4.856922909016003
5.2,102.5,202.6,4.321522357653009,4.060112972984676,4.007900415723189,8.689807411040036,5.200756194051195,4.593720968400394
4.8,41.0,856.4,2.3502060054816294,2.9692471974886043,3.0125587208245257,7.724863530728594,5.918311097042928,5.027421754839857
11.5,195.2,143.7,4.0740346278538695,4.028322167068476,3.7662285129634014,11.40518477967699,6.316557154942455,4.746674825423213
13.0,60.3,723.0,4.485481261154824,4.248171186779082,3.895862607998218,8.586395982322124,4.857080757160851,4.258041324481944
12.6,143.4,284.7,3.614652393661922,3.5961843381048,3.4992808650794984,8.442359107468882,6.380617589510088,4.926892114844335
10.1,5.3,866.7,3.9328802322251892,3.942124432454918,3.8562442092823304,8.461567740595108,5.092599405018628,4.269454365295694
13.2,154.6,941.1,4.484587056710414,4.22842350598042,3.82244079152718,6.559759872423541,5.605374254224472,4.398282840827399
4.3,126.7,179.1,3.7734512998698406,4.013992808629286,3.9035413981073965,9.337431223503778,6.454201941615466,4.510650597822245
9.8,177.4,954.0,2.8720369751031036,3.0557941407508693,3.0214147754148044,7.78890655955097,5.8877950936061225,4.943400422137412
4.4,178.2,77.5,4.285912534839756,4.228499902667,3.947737413200249,7.057906446268433,6.106344642635047,4.723173191395372
3.5,33.7,514.0,3.199738117614851,3.7445647075376556,3.467275600492993,7.391115835949321,6.332204919356016,4.848550197399856
7.6,13.9,457.2,2.8302775919790424,3.3703910586532846,3.392195555408282,7.126194079502383,6.079820988301961,4.793145565111949
4.9,52.0,83.6,2.2814442107416344,2.909605409849325,3.0226471047625925,7.9240314160068195,6.35753594012639,5.125271503792458
16.1,84.5,181.1,4.5693130360653775,4.250776906096512,3.8280151526951514,7.553878601278061,5.520083329144693,4.430529214265089
3.1,6.1,751.0,4.047370574525754,4.0577167823498,3.747150317891819,8.240864575945675,5.0909592164720365,4.247080855954405
14.7,28.1,485.5,2.633489399845077,3.2649841318637733,3.2094591242343373,8.322035706652507,6.057277787534517,4.971368694052188
13.4,98.4,424.7,3.8270522119861603,3.97205466698656,3.7276877461231095,8.453382605917735,6.009207073072105,4.729930164257144
18.5,165.7,606.0,3.9399447682788935,3.841229888086172,3.5573332039306695,7.924735020007944,6.012985524159703,4.8943822821783876
8.4,65.2,485.0,3.667815357521942,3.8779758222943883,3.6275261443201803,9.104468872225297,5.916860596729244,4.724236476308125
5.8,88.1,65.5,2.7519404704991093,3.220496388867538,3.2122274808424063,7.703712062517376,6.010803857140644,5.078992801810877
8.1,18.8,770.4,4.046611164127132,4.0042574144122405,3.762512541373276,8.98383480580263,5.257278712993969,4.284361828780369
19.7,116.9,839.3,2.9729229300266855,3.2280167739237715,3.2007638930717395,7.859673219294034,6.241660536610542,5.0420098461520055
8.2,24.6,475.0,3.8868826819182996,4.082512424649803,3.783333457087682,8.902300582979919,5.80259465206127,4.3908176492532895
3.4,63.7,625.8,3.5739614871714878,3.8827820540490467,3.6125626227010272,9.147455519631961,5.93878735217131,4.626273989380429
16.1,61.8,499.8,4.344388004192602,4.074916256903087,3.8466166027806104,7.603308739901173,5.411346765725945,4.464643641531072
4.5,80.0,423.1,3.446031538947798,3.7478663511278043,3.6034006483115864,7.089929050953803,6.251129883158882,4.707603275976478
3.7,20.9,283.7,2.6550441296668996,3.27390132205632,3.270181194882051,8.017772192665976,5.907811046899656,4.968869608207392
19.1,68.8,855.3,4.299506671900172,4.115649067121723,3.87793854007316,7.993477860961214,5.124779492286528,4.239664804720373
13.8,109.0,121.1,2.8410797911083563,3.2112372726574865,3.174755490571391,8.176615180517217,6.012555739318703,4.884799129054034
6.6,182.2,257.0,3.750473642370716,3.6072604132729875,3.620775281014396,9.208480214693978,6.85929843039872,4.879671787328185
15.0,77.4,603.9,4.509123189431815,4.372495168231659,3.9139225733790486,8.935701946266867,5.056549132650435,4.297123986537219
19.2,149.3,217.5,4.762373831756168,4.197737010355517,3.931739492306164,8.707157139161275,5.055585122881656,4.67456846509339
10.9,164.9,13.1,2.733545706057681,3.024414813042002,3.134330329180136,7.853409269336922,6.337496965677918,5.179860942882534
13.2,165.9,971.3,4.645087269016365,4.215698099816684,3.967960406895852,7.209034255722155,5.580144631211571,4.3548953838223525
5.8,196.1,889.1,2.9572744189881472,3.088661102062824,3.1089975466249307,6.751179172104482,5.833130625530039,5.062861647541542
3.9,40.5,583.0,2.14019264332023,2.8131239565720776,2.8919888888583944,7.682102342052804,6.017578482865321,5.0629182889344655
8.7,57.3,417.3,2.805397973650493,3.3072286778236393,3.311139525065501,6.570614748429044,5.737192536785383,4.908309801146842
16.3,69.2,414.4,3.941619247555451,3.9629129530454072,3.931881094377344,6.805277937255106,5.732049897956934,4.653192193361626
15.3,69.2,210.3,3.6774244471505426,3.8684900818365193,3.941916826139721,10.206808329053196,5.714630563108781,4.635263622459092
3.5,132.1,939.7,3.5808244710220514,3.5605879034823413,3.4150219841917178,6.8661908906795155,5.974178382260668,4.681009655956338
8.1,50.5,882.2,4.261512643059628,3.91058017462554,3.8262761906635223,8.794252036068283,5.316147297501882,4.266688061608086
6.8,37.7,972.9,2.35758857578573,2.8998467792200557,2.9531102130589595,7.632642214204331,5.533648573626795,4.90725708129872
5.7,51.6,404.4,2.818179692281971,3.321836942664252,3.28732404150462,7.787027128582896,6.038750864450066,5.013304603738742
10.4,79.2,26.1,4.010048025733191,3.9816980143050458,3.8815229417490915,6.984260491878008,5.855200214066603,4.812746848910667
13.1,109.5,362.3,4.573085091137301,4.3504267909393555,3.855201004598662,10.598876231700629,5.290344107075384,4.383158621828912
10.3,175.9,341.5,4.654001064488536,4.261967458598658,3.980798671562294,8.408616534490651,5.922218149051226,4.904446334762191
11.7,199.0,204.3,3.509494310463598,3.5124043310846,3.3918534865128454,8.54638123924548,5.776919663968002,5.049673391714187
2.4,195.4,311.3,4.325918086837017,4.199723622567497,3.895130590057226,8.250904747848413,5.57364145425305,4.672277181765811
13.3,119.8,887.1,4.012699481346356,3.9913415408632975,3.7180925615896214,7.923019488894738,6.04699951290522,4.61021229500118
11.9,15.6,519.6,2.0419700338444695,2.790705367715052,2.938181404923313,6.959025254317453,5.916592929126832,4.844412366870785
6.1,92.7,329.3,4.543761153187198,4.252998730463744,3.800857837226136,8.2048765571068,5.286985208402829,4.383782550084483
18.8,32.4,317.4,2.44033716561991,3.0757973242966425,3.0847496674073884,8.740159930605174,6.172202196829396,4.996773940306685
8.5,126.4,67.3,3.722637830718515,4.1067738055745355,3.7036742533005285,9.902559701712256,6.239402228021003,4.655331999167064
20.0,48.2,481.7,3.7752781628315475,4.056811419678343,3.915196823895064,8.604508701732485,5.2425223827563805,4.175468923794263
17.9,146.6,101.7,2.675883749053506,3.0270349348374115,3.122243544562025,7.820936782732733,5.830492854510915,5.1946435729833595
4.6,199.8,321.9,3.745182274908217,3.727932476666915,3.6031199522103954,8.083667360237982,6.613877084156357,4.827325598155518
14.2,11.3,168.2,4.115784063377767,4.180191284554201,3.807181280424233,8.354837582605064,5.595844000317587,4.485246285329136
15.7,114.5,21.2,3.221200042161305,3.433733932961072,3.447646799159015,7.577397395066438,6.2870405105692555,4.773998392280589
4.3,164.4,496.9,4.029061832744755,4.058417637991582,3.8786757551719937,6.748012413395426,5.684442476886783,4.672863140958253
14.7,26.9,569.7,2.640410186918597,3.2084582462515012,3.180602081147594,7.87399346657125,6.209832732859574,5.049376714625041
16.4,16.1,59.2,3.4923509038817784,3.8701688933669196,3.780483842316828,6.905566585579276,5.7577744318561415,4.749402624638652
7.3,153.6,732.8,4.218911861310453,4.2366085607198265,3.7891835746348086,7.744802471966771,5.530489855914407,4.556370328697941
18.9,63.2,75.1,2.33347884078535,2.8837083515244704,3.032884094797229,7.882355205327912,6.491857864385306,5.262674128277897
14.8,63.3,532.2,2.520565752851436,3.0985117009627654,3.139639635379856,8.246102353114491,6.462335184834984,4.921225470438117
2.9,163.4,779.9,2.4875390477529535,2.863362046656704,2.938865951355149,7.350539823285374,6.121364177985246,4.974104721832639
19.5,16.8,265.5,3.173294193843411,3.7803016857133045,3.6186002729335236,8.51596844869821,6.687654706467622,4.731949201983163
16.1,147.6,317.6,5.180591865576947,4.345408183668685,3.9796899703212674,9.615796062688482,5.188736637961128,4.366528028304572
3.4,44.4,917.2,3.3927967994817774,3.724387834784814,3.4197787889777356,7.398525062706032,5.933358527158223,4.573149000125351
14.5,115.6,941.5,3.5086752274464867,3.4775199581105287,3.424960445732717,6.742582161104007,6.016725368236941,4.691596544844895
15.7,155.1,751.1,3.1855404719405556,3.284455410309228,3.217258314280935,7.867788826177588,6.18276684802759,5.0707577869905265
13.7,163.2,890.3,3.1344213052308163,3.3057346018458826,3.1804592606007187,7.5393407634892355,6.4182596177289675,4.989277981197571
6.2,132.9,716.3,4.246615917120241,4.130697898760602,3.924285408562927,8.137135661119785,5.407145777105988,4.466964642309989
4.4,143.8,940.6,3.9135009072453872,3.9399221456171407,3.495940566215735,7.5966546650508455,6.133131728202166,4.706332024002457
2.7,83.1,761.1,2.845952643254387,3.2385718433632924,3.166825446763866,7.883861612685045,6.1197687204740525,4.943129906054789
17.6,169.7,521.2,3.5315134634995573,3.587730201656429,3.4471087391419175,7.258480337340053,6.268028099630669,4.909929303577044
11.6,62.2,717.1,3.0781885906928235,3.380098351649961,3.3360679148307586,8.421451755757136,6.027085586383709,4.870868217808532
6.4,16.6,170.0,3.391299623849747,3.8848427275622637,3.697650834295075,7.896141381254189,5.790988323056432,4.682812292693228
14.1,170.8,161.7,5.112704880672322,4.396461848018198,4.161132035129196,9.16118901675134,5.446609091717338,4.4587750052990245
17.7,35.8,366.7,2.7278358209208555,3.2915794734157355,3.255115222213483,7.441923311215685,5.970467815643186,4.947051766209633
14.4,126.0,356.3,4.018640315361264,4.023998569201783,3.8358738846980707,7.59102777187087,5.991941213437016,4.707691250336584
8.2,152.3,155.5,4.969008777112329,4.355296816210142,4.049359838610023,8.938181578992431,5.531267109193902,4.393779476169396
18.3,11.5,162.7,3.5267669044963466,3.8166562399374513,3.8272486678547732,10.695649169682646,5.751062602521291,4.639880137742573
14.0,113.1,132.8,5.047025117561727,4.220454022033554,4.011018595541614,8.54708582866095,5.1283792775933605,4.306106741539551
15.7,1.5,704.2,2.4939158283181424,3.144656683312954,3.147860116072861,6.81296627996986,6.001754932767483,4.921192273394478
6.9,89.7,756.4,2.2964969523268977,2.809027306323255,2.8557231104298104,7.76717290911434,6.089928907490549,4.992006670446699
12.9,185.8,626.3,2.657429950165609,3.0027234487443657,2.9493228321368807,7.218975018560954,6.010215540018418,5.090888088973333
15.9,99.5,785.8,2.3210081215298253,2.8113727698585205,2.8621952501216175,7.659046749382398,6.061597973419559,4.985812534106987
18.0,47.0,7.4,4.873926921389298,4.604646248312772,3.8915129401852226,7.139528934662916,5.060110348800894,4.159839232171137
18.1,169.1,18.2,5.035692674686999,4.440669121550879,4.082818041045044,8.400175565555251,5.639739384502668,4.533584438128134
17.4,25.6,365.3,3.3750404136981924,3.8285216156862134,3.7403146248210515,7.3624712955438625,6.109710682797484,4.519483039291153
11.0,118.6,941.8,5.237812746305764,4.280372259590401,3.8156236250816757,8.062735961701733,4.6829006520622976,4.116489498663569
19.6,105.4,764.4,3.2271289408714114,3.493217625757172,3.2894429793263367,7.671746226068031,6.351136068773219,4.824916286878235
18.0,175.2,838.3,5.185303585509299,4.173895030228213,3.953217724452637,9.176933638445924,5.087455129933048,4.219059016446707
18.7,114.1,863.0,2.949387017668885,3.252079892920465,3.171339787157299,7.583896126849311,5.975309212372736,4.988341111086708
15.5,135.7,165.6,3.894598826216818,4.024635824778663,3.6619006637060494,9.508178671976278,6.268309894072296,4.947001524069439
2.7,61.6,481.4,2.817966919479682,3.2727084806950852,3.278692207373794,8.108115385080232,5.8281202738877305,4.9150893946726875
12.9,9.9,276.2,2.064658906720087,2.8465377318556833,2.930327272269462,7.423743535756547,6.061920312385979,5.109770197856349
4.3,85.4,454.0,4.168073348098204,4.132195262535614,3.8293926252163235,6.937383249466258,5.738821013930679,4.589196564392129
12.3,14.5,160.3,3.553082778873785,3.880112797291858,3.865732858557495,10.131347121761916,5.424576347136057,4.711566254432199
13.8,151.6,412.9,2.909422132738703,3.193066312188421,3.1721932377636826,8.385478309584741,6.151799363779368,4.791532335826435
16.7,136.5,735.2,3.05178205458839,3.3102787374324265,3.1624548210122203,7.637128582882131,5.851805324099033,4.845342873836383
13.8,23.7,523.0,2.375257188227758,3.0462848767786586,3.0259816400338604,8.472683309839084,6.32782795482116,5.145491184549833
8.2,14.6,490.3,3.817648182749405,4.013832411719832,3.8790972319600865,9.292919660024545,5.401998332336355,4.382878543757375
8.7,130.1,922.9,3.010160144196428,3.2986830816269688,3.1454322466162985,8.266297202228817,6.297449122594362,5.108816771879781
7.9,125.3,46.2,2.561640434817063,2.9928028928473793,3.0567695393904,7.469982389178149,6.213875882762515,5.1926752058980945
3.4,90.8,70.9,3.9851285956424682,4.080531386566342,3.8273103994131965,7.116528753187762,6.155167579450268,4.7692754836348925
13.9,183.8,533.6,2.6549523962352204,3.026727132776017,3.0525045113946483,7.903339361435531,5.736476085420666,4.970975828965351
17.1,11.8,182.6,3.8293287012404207,3.998183257673702,3.792811808842073,10.355832264941153,5.747619204735589,4.357596996072086
18.6,2.7,22.9,2.861667856747161,3.5699563566263297,3.437919181319609,9.806279353320384,6.18675107788377,4.783260913302708
16.5,24.5,346.6,3.153659951115035,3.6896693024372524,3.490890370514112,7.957466995202985,5.817513127875138,4.683790849510903
19.6,94.8,456.1,3.257651346169702,3.4467767390981336,3.476280455981133,6.873891981782158,5.958166653163524,4.924314346488366
7.6,82.4,519.4,3.153056854279633,3.4797561750082693,3.382515154141805,7.369362278382933,6.084286793478334,4.977963568185238
8.2,142.8,115.1,5.201159487076861,4.5853019195853975,3.892129681648015,9.870899521086173,5.926567763007807,4.555775188111308
17.5,17.5,914.1,3.0347642088474753,3.4299223390535474,3.329248886320043,7.918252832398586,6.09190800737893,4.870047465774203
6.4,42.9,766.8,3.3419841199820546,3.81196003575562,3.5559796665046726,8.143741670171671,5.915155484111978,4.797463218041727
11.7,70.5,785.0,2.829103693598345,3.2260932525484165,3.1507552312735054,7.999071931344115,5.8808502060347365,4.991689071366025
16.6,43.4,110.2,3.0665663820311906,3.4808475336267133,3.517536784351851,8.658248348369419,6.320583447420955,4.832864661009012
7.5,19.8,87.4,3.2610074060665557,3.7429408612051365,3.6058587741699224,10.823768835609275,6.225699422211314,4.7037849100426605
13.5,146.3,255.0,3.7577632148892217,3.9192570742832817,3.7429551609454474,7.6112783518113005,5.95195397666048,4.771634603748026
3.9,172.9,520.3,2.6191806434393925,2.977031268298475,3.034950168372216,7.15134744114992,5.901087856555467,4.891126390327763
11.0,115.0,112.0,4.78554174186705,4.535235438069666,3.9662191918329164,7.9738585101716986,5.328953985181318,4.295951039623926
9.0,180.3,130.3,4.892705397511659,4.794885679727372,4.046041971528307,8.754013691952618,5.140774865642793,4.427484592314826
17.9,104.6,959.6,2.2946412027758267,2.763497384945083,2.8508036280152336,7.707745256882774,6.317521100278444,4.798304822713977
17.7,30.3,528.4,2.6393039702443915,3.2264175426916033,3.178825500571426,7.550466112023525,6.034233071987249,4.923894222504394
13.4,148.7,230.4,4.026983135332639,4.23462347475709,3.8458505793462834,8.051909511860977,5.896595995993099,4.7490879738284555
15.8,9.9,215.8,2.33100733189867,3.0512560716487123,3.096752979476477,7.718849963866553,6.054623579572031,4.8169445894870115
19.3,190.6,546.8,4.483259955412954,4.206407792914735,3.8651236549681833,7.754867920681132,5.347561065636011,4.547013918230643
13.7,86.6,417.9,2.9370593482279936,3.3414953524510977,3.3152613023898887,6.6619485824792655,5.911500607570922,5.016844226897387
4.5,30.2,336.2,3.262167833047254,3.581215917753207,3.5951967674574377,8.31202994936572,5.850755927174216,4.600674477339339
11.3,32.0,333.7,3.8664109215367652,3.859016672655608,3.890306846800067,7.8676577265305205,5.688874337301712,4.635976950047958
10.5,32.0,769.4,3.12117022497514,3.4910904755426877,3.4625864741375985,7.886132226589442,6.1857089515885555,4.933290492511627
5.6,37.2,685.3,2.90311774787682,3.392574849972993,3.3138227763104453,7.927803841626723,6.120054396155407,4.940707781533156
6.5,65.9,306.3,3.4387567023880177,3.7681474251765454,3.6069553938888568,8.494619072033114,6.477126958979721,4.8732929588340745
9.5,197.2,905.2,3.9194229846812654,3.6255273370111105,3.4852364186325158,8.141305209811549,5.807457224881233,4.836511885437918
7.6,178.3,824.5,3.507385786653245,3.5261361665736644,3.3504867503932125,8.478706887489764,6.241012819849939,4.8159195136835535
14.5,149.2,271.2,3.922480119484188,3.912562231691993,3.7502777038137722,7.959424439312347,6.628331257598365,4.777463295404562
13.2,53.6,976.7,4.037565198781676,3.914702142878598,3.6967656777241977,7.3579839445911155,5.4097276219203,4.360826143328694
8.1,72.6,461.8,4.69917124939802,4.2151049666918645,3.7532006697945874,9.486788838142957,5.128660083879616,4.475153559916215
6.1,31.8,262.7,4.048273014086096,4.222273675689717,3.7507967649124883,8.976816704215516,5.298310291929813,4.538485811621641
9.6,42.6,202.2,3.048710907172902,3.5245376163809237,3.4686919074733655,9.520558766592433,6.423316710141837,4.889378687361646
12.6,96.9,462.2,3.2638886815877495,3.4655914270723596,3.4095502857592628,8.529174410282383,6.256236257872807,4.924301655603866
7.3,29.1,744.8,3.579973885394617,4.022661701445765,3.6597203879665887,7.948040138379213,5.584266885744654,4.5542115606095805
14.4,28.8,375.3,3.4740585574060177,3.876062847341558,3.7024954454405776,7.660735753778141,5.794432102255886,4.587623596723461
10.8,188.4,707.1,2.99201776917576,3.199811270308757,3.108295830197065,8.115452052650994,6.138636143525801,4.935470919441027
3.2,96.2,995.7,4.215377817160103,3.952732601987819,3.8335032114088037,7.275613930778544,5.598460168933645,4.420567346128546
6.3,74.9,602.8,3.88159035225757,4.0607755036138276,3.7356017218294024,7.590894152419807,5.813777289264557,4.428504576362339
3.3,195.0,406.9,4.833315230920725,4.05945264996512,3.965781516643098,6.226180217057131,5.598501457619175,4.780570440684052
19.7,142.8,474.7,3.1794801146479106,3.37528607183598,3.3227457895911137,8.296608962006854,5.975198378835142,4.997414244354118
15.8,182.0,134.9,3.0312886589039643,3.285634125038179,3.211674593013363,7.788203983959754,6.221223315898495,5.126223803540672
6.1,2.5,863.2,3.82198410210267,4.119883801591264,3.708495458136994,8.673188149281287,5.6629341585312964,4.297849175022957
14.3,192.0,334.6,4.415406082442086,3.9753526485258703,4.054038452672449,8.128704692725954,6.131237688269451,4.620154817746066
5.1,22.7,322.1,4.060110774018906,4.118036031595366,3.8076062786158094,10.623194029374172,5.157734297233045,4.470973005445579
16.9,89.3,136.3,2.431311009874465,2.905775964666951,3.0787796248540946,8.34302421851643,6.240395757931477,5.115917600820737
18.1,112.6,901.1,3.9384857707574987,4.181333315603059,3.7702044217650954,8.433356148433404,5.636153299849436,4.349679350580306
8.8,84.9,118.4,2.7211330227438513,3.1981870854822354,3.2278640281949382,8.278432110152519,5.908439804160498,5.065378229285482
17.6,172.7,357.8,3.5467900011560527,3.6521384781688297,3.5742983627585385,8.500523986028483,6.41930207784889,4.885835771029818
18.1,148.5,774.8,4.756471508996178,4.2226367067934625,3.937745306829319,8.603806217559903,5.275763663137543,4.292006636793701
13.2,24.7,832.8,3.684154753136175,3.965310652138058,3.7823718518818605,6.80862592805293,5.072407053487641,4.318595874583426
15.9,114.1,569.4,2.3981829592534236,2.8887571604448983,2.947808931919436,7.776902586105649,6.104002258777559,4.978245650538351
12.8,103.6,714.3,2.6430369668150266,3.07343813937581,3.0757824800318385,7.9210407177738205,5.771729009253573,5.022471102608996
19.2,128.3,238.4,4.791016516734043,4.138529668905832,3.8659557958506188,8.943783335690107,5.302144485923169,4.632462452331939
3.5,160.0,675.6,3.7713939955222777,3.7020949999798756,3.583805773697202,8.576380562710085,6.109399946860215,4.917149020293518
10.0,134.2,256.0,3.9958727608634845,4.09902166671327,3.9920460065719148,8.51588610708502,5.017369275358597,4.1930335124839715
7.9,92.7,371.1,2.3830859770857042,2.9126313973975044,2.989111270249884,8.062808567286528,5.840374913337218,5.245918364899474
6.2,88.3,338.8,4.439015329196078,4.056777993055114,3.827599955530454,8.499075564812266,5.554275867796424,4.562372232979083
18.2,54.1,422.9,3.9759748244902973,3.966019860474713,3.8696231357010547,9.56654881856366,5.186648938348142,4.602608611191496
12.3,81.1,434.5,3.8420728444100547,3.8646159856025832,3.765101902537472,6.899698754000543,5.702831609950735,4.533390788341638
19.3,33.4,161.3,3.8007170408848836,3.8338716139172675,3.8095102155768785,8.948506668403969,5.7371777266242425,4.696565309661182
12.6,126.0,798.1,3.3426463705329983,3.5413118489427333,3.27003258184674,7.114650341762413,6.1670909561220455,4.8094462223826255
14.5,29.9,369.7,3.2197665873723533,3.6809921621729327,3.5519703600554138,8.028201472491148,6.0686268894150075,4.947174978775536
11.2,65.7,648.2,3.7889616434030486,4.065265143166382,3.840621488176172,7.494102719545136,5.858930499885659,4.428996755928136
5.8,176.2,198.2,3.0363189709581224,3.2958100845546383,3.283518398900437,8.077541859304741,6.2496849166645525,4.969258897361364
11.2,155.0,406.1,4.95304502550194,4.259267497262893,3.886465629847729,9.260351930881786,5.180092248324726,4.60592096005022
6.7,40.7,403.0,2.732155437213402,3.2643020585119444,3.2429185516483727,8.103864696337737,5.81160509599631,4.9564280341336975
6.4,88.2,838.8,3.7563025865118256,3.799925523540887,3.592307563617311,7.095004720611858,5.815405944533289,4.5319409476921315
2.9,117.5,406.2,2.4895394619719724,2.937832300576618,3.0242845493435055,7.289305463807214,5.773219876526259,5.124662534005147
7.3,38.9,176.2,3.639300686779279,3.881242216683791,3.893886782837072,10.528144400685488,6.049133924274834,4.6494740095701665
12.0,74.8,548.6,4.116160407318731,4.238307189728122,3.872182545739406,9.654816689864067,5.322377827574037,4.31023037812955
4.6,114.4,303.6,3.3659177727847958,3.524067279068152,3.5073814489788866,9.371193783174885,6.306594423290566,4.779937708429291
2.9,190.5,284.2,2.7464263695525553,3.0266255214672437,3.0769658303787946,8.049752471208485,6.035327431184815,5.164115013256861
13.4,38.8,160.0,3.6283098089110304,3.996828400083226,3.6351401932234033,7.704813516099083,5.919760268201237,4.7807464525920835
13.5,90.6,166.6,3.64423129264825,3.8412509375652704,3.6785731637569974,8.863158847829403,6.419707117314353,4.840681677537365
8.3,169.8,417.8,4.288479470384878,4.283240707347165,3.990965180533527,6.786173153364047,5.999245100296289,4.7022518928153545
17.1,18.7,274.0,4.03243450044706,4.128655493274493,3.8562461269792188,9.402668090840507,4.688943966011056,4.500511187459562
12.0,143.7,404.8,4.788775452910009,4.594570421504322,4.19539245365776,7.55977138972759,5.107421332003803,4.320709823657321
3.4,127.2,114.8,4.020336447748651,4.104591696393779,3.8401275660566156,7.029611359090449,6.401253189428033,4.983522766216854
17.5,96.3,199.5,3.7127823409359806,3.9077427555002284,3.640198624313193,7.228204826140573,6.357502759180942,4.740417780109869
15.5,110.1,34.6,3.720657469074858,3.9961850503606797,3.6759981439560008,10.00046911741888,6.142826580636541,4.6252645209456595
6.2,110.7,894.7,4.245734946034023,4.08740971477317,3.6901818091039633,6.742403486275734,5.256492862638911,4.339517968062744
10.0,7.3,613.6,4.281099540519758,4.176872974500011,3.8260531825085273,7.556673644404583,4.858316676219481,4.12940477119567
12.0,61.3,308.9,4.726662866064498,4.215783244822472,4.009323504875734,8.511805332453246,5.309064068825915,4.227285485760962
9.0,150.0,482.0,4.098412002198906,4.466473088305591,4.086803852932093,9.507167721129811,5.2698272693874095,4.226430945814638
12.4,17.3,791.1,3.2979267865548376,3.714490773541817,3.540304209424308,7.76433019793404,5.743575316489206,4.649837271724056
13.6,182.2,90.7,3.7352723163695636,3.695524390992542,3.5597805086060372,9.134200965275411,6.5418941647852655,5.031042380772163
18.4,181.3,207.8,4.094680732763422,4.16778578438414,3.8970287953077474,7.996682803326458,5.289836266807775,4.874314134871572
2.7,18.0,934.6,2.5172061182787697,3.0754200286703455,3.080778418755777,7.490810179628955,6.149753206316699,5.0470554607950255
12.9,101.7,670.0,2.338956318077855,2.861000101365647,2.888682823999007,7.255667479669416,6.0345354829567235,4.942476228611103
9.0,91.6,420.9,4.723325515044724,4.391057301450008,4.072578860560302,8.935900925780832,5.146014788391643,4.108602392539936
5.2,26.3,252.9,3.9065507962595873,4.101233152206454,3.831058548200824,8.892788680792943,5.080218493784766,4.506278558710925
9.2,123.8,553.1,4.11458390428713,3.9293083748543083,3.8608434944200276,8.6273036226325,5.673465271984895,4.440459736048403
11.6,138.6,866.7,3.366787174857496,3.460452692080443,3.324836232636587,7.105458552118478,5.628852945149905,4.9021560426390955
14.3,16.9,388.1,3.579067734306685,3.9396054414598005,3.815090536990599,5.7248151677311405,5.4126520200956065,4.585455355936368
16.8,129.4,693.1,2.731906320541448,3.140503072732738,3.127469670436046,7.504986267161911,6.198383026445683,4.999076928636985
2.0,190.9,615.7,5.347221026035061,4.359470287803941,3.9916198389811406,8.5297884262616,5.423734649423764,4.20648293052415
5.3,110.9,982.9,3.8984209649553065,3.984832694922483,3.6366291879467916,8.09509733722232,5.807387444215529,4.465995564100204
9.3,60.4,714.7,3.7259437605341237,4.207963196280524,3.714148656835377,7.3565787691410485,5.569438849511236,4.461776962998776
5.1,183.1,212.8,5.162611031693235,4.418300121937509,4.054006281264698,10.298319426444134,5.7895299540106,4.332400775647923
5.8,123.3,352.1,2.7787057665104378,3.1848683901181776,3.127517713776699,8.069512404627371,6.42651175321339,5.042577342201771
13.5,67.1,438.0,3.4343831018805417,3.672365618898443,3.4457964282989444,9.188636210330895,6.365987386141601,4.806052641549904
17.8,85.7,435.1,2.6425273060368077,3.173957862010516,3.1049864085255194,7.636023587416066,6.512452606685152,5.1835995680771845
14.1,181.1,969.3,4.798006411372622,3.921479327742233,3.962001698502096,7.0018447263751185,5.633843915591797,4.328531191714486
4.8,32.8,461.1,2.384537188641776,3.062966702042983,3.0601888839310423,8.128914048326823,6.367435129268053,5.047677999688776
18.2,36.2,644.4,3.6278252904839157,3.864292714620806,3.8376327835316566,7.1137318828081675,5.583315732759491,4.4268449165173855
17.5,160.4,420.4,3.898415532577264,3.896437656203654,3.69476798235147,7.849578275791206,6.289970113872528,4.712016992759786
3.5,182.8,599.2,3.966957891290221,3.8374910777628717,3.572854097020633,8.411934017695913,6.104476007980697,4.795754754690243
10.1,110.4,751.7,4.828697176645214,4.130872352617427,3.9101724235087723,8.142232805644586,5.081796723256453,4.299667050842128
19.0,145.6,984.9,4.875211009012421,4.329655190180915,3.9108320924055757,8.127060401770311,5.417620976651506,4.149986014926164
15.1,176.4,172.2,5.034958692157364,4.320916526174123,4.140268478766959,9.963199660559784,5.864293440401532,4.424664841387145
6.8,163.8,303.0,2.983777617801536,3.2583347075172,3.224362350352349,8.603470929336009,5.984569631579429,5.067478333572588
15.0,149.6,133.2,5.019398885515869,4.175913785641836,4.02166412466449,8.621039566159894,5.463418859240321,4.372926075693101
17.8,100.1,556.1,2.634816980700169,3.1445041638108453,3.0783387278223113,7.76808314330459,6.458252495103682,5.074373042923725
13.6,111.7,563.9,3.3137794320853455,3.432156133825618,3.386915971948948,7.073203896126945,6.029567607157372,4.939405037854808
16.6,4.5,474.6,2.8038010570104213,3.2966347371352818,3.3747849193822006,7.694597877238358,6.03104522660303,4.8619930043082995
8.7,89.6,173.9,3.063488542010038,3.4222260945643583,3.3745071515328995,7.877785313514231,6.3371728220774095,4.980014441687818
5.6,81.8,48.8,3.2449288646313175,3.687839433906092,3.5128512474593077,8.430279980963324,6.538149776220088,4.7749877683710515
8.9,197.5,302.6,2.7506574130562758,3.0523519595043656,3.0666193336018885,7.74978756484504,6.058998700053547,5.308723320596027
8.5,65.7,793.5,3.277763494328987,3.5188275955289736,3.482509976759596,8.387442658374297,5.934975281567198,4.854517222127203
9.3,84.6,477.2,3.9218882678464198,4.049776302894983,3.83386332649318,6.603624462760337,5.941067490568091,4.587764435370733
5.5,190.4,78.5,4.123516614023359,4.141879264813776,3.738378447051172,10.450844692964015,6.126351620985467,4.587882151356066
15.8,116.0,463.3,2.7226302590497458,3.186699336459606,3.1144891474357763,8.000753460655794,6.288047081573495,5.118026706880087
12.5,123.3,466.2,3.6213752915540596,3.743615525701859,3.6087346189452134,8.055814687333147,6.004999130106484,4.972627029427848
15.2,11.6,341.9,3.733295642397005,3.852099310890125,3.8325617917463983,8.326083254064077,5.3800405463734045,4.5194802633978135
17.3,66.1,4.6,3.8547182938296984,4.084323107815219,3.9533388381059247,9.12494219955698,5.792631418796908,4.663689164518285
18.8,184.2,414.6,2.9940495738580193,3.2346746639924238,3.191298692453877,8.15356755524206,6.264198808889834,4.816546465340458
14.9,171.2,910.6,2.5130494141501547,2.834357159565032,2.8786310053367608,6.932878438678678,6.020579064615166,4.949618240558653
14.7,125.4,527.1,3.0748753831736444,3.3508302593357655,3.243122926921645,7.18376723821881,6.053843758785092,4.9763857995174945
18.2,77.4,981.8,4.224346016329257,4.006656302151862,3.795402731982975,7.468622193723498,5.054747907239729,4.472281529603762
13.5,150.2,23.4,3.948975132685675,3.9378237163683565,3.7893758270509537,9.220013297212812,6.0533510048824475,4.76317999529153
16.6,114.6,161.2,3.53933441291195,3.587042758929279,3.575613675656683,8.77245130504172,6.334427908089037,4.792899486326782
7.6,35.8,24.3,3.048885437882225,3.664622621648302,3.4920777327904347,9.767678848904271,6.202710314097374,4.786917529715868
8.2,27.8,612.8,3.6426524236814792,3.8322949985558594,3.814875718674214,9.315476821812744,5.671298944659217,4.430881890936902
17.3,20.8,34.5,3.7041831365811895,4.0980401220159095,3.8397512828950937,9.508149386468357,5.743313112409755,4.679595793304824
6.0,96.7,575.9,4.791586546231294,4.330841622532965,3.8084662352403633,8.997232755831774,4.954634313430908,4.203006006791124
11.1,193.3,322.7,5.194196654599612,4.321483707330913,3.945498575388381,9.893561583100077,5.49102119419738,4.371396141626157
10.6,57.2,796.2,3.0284562644579847,3.343980288939745,3.267898668868126,7.684826433463467,5.852447069101743,4.6808174754304055
9.6,186.6,62.9,3.7869578293421906,3.7513892087950627,3.6662170986744833,8.89879068063323,6.673915805170971,4.724179052617057
9.2,126.4,69.9,4.7290615556613105,4.173569189883008,3.938467566604814,8.014506099768806,5.905717610131987,4.473580315050032
4.0,38.5,367.9,4.414537142344425,4.276928327412016,4.004931778604785,7.7777783319979825,5.267803451044205,4.168940495748043
5.2,126.2,227.2,4.535288843362444,4.235744411585422,3.979556548053665,8.312940597626387,5.275095477824216,4.611132986727949
2.5,85.2,251.0,3.5280709012149956,3.898974100378428,3.6676157331657357,8.347412951252881,6.410420392736789,4.8032122576168845
8.3,6.0,823.9,3.4772195672770803,3.873360118410483,3.6102660682067214,6.98759201501381,5.8538764730001915,4.606588229992866
16.4,149.6,753.1,4.113814396477968,4.01345813429878,3.6822633479270888,7.326012194794483,5.904849834043517,4.625786626722551
15.2,36.9,928.7,3.785352781640677,4.056618164773759,3.697391159926644,6.986628251991647,5.411327539922983,4.296520596694517
16.7,128.7,963.0,2.938606112200109,3.2049221440451543,3.162394282948357,7.325488242263816,6.302924929920394,4.874924611238757
18.9,17.7,992.5,1.9768695063385096,2.6651826829108725,2.7863853666398146,7.248896393180988,5.9756190252982755,4.9752419946509185
11.6,128.2,227.9,3.483878335118243,3.624237911626164,3.507491134072337,8.05923812770844,6.375671034914767,4.860495291347032
11.4,87.9,615.5,3.6545589986995726,3.9144105364210535,3.6280288893174006,9.937413030785965,6.102990217039565,4.649936140384831
3.5,107.5,998.5,3.438040311052438,3.4540057117671843,3.3772010316363836,7.742146870377599,6.054528364837484,4.84856832898457
2.6,91.7,590.5,3.2181821892168756,3.4992178704071666,3.37694410967484,7.780597301408317,5.719931517678059,5.00435871312888
13.0,11.2,823.4,4.2311302261302615,4.094140859825316,3.68838306660178,8.802721733435796,4.773885080322035,4.08327415798389
4.2,172.7,465.7,4.541695084922736,4.518887911570051,3.94352617364364,8.54708638461836,5.5980539352249785,4.504052914907231
19.5,90.6,22.9,3.676311625108184,3.8887295490954816,3.6964502314824372,9.171859145294142,5.856020457313264,4.690488150482825
17.2,73.5,312.6,4.261616145052912,4.172108551038349,3.8025729123485466,9.124166466386328,5.736970865492161,4.410279700555389
6.5,51.2,254.3,3.3484107812727917,3.844166443341148,3.712617688554305,7.505774344417201,6.101317168800385,4.814412816690009
19.4,38.1,368.9,3.5637979865706253,3.946846251122743,3.652086607443163,7.4415090341147945,5.528100529825732,4.67046374213092
8.1,182.8,21.5,4.557764747366644,4.469786150743129,4.3381132488720375,8.98025132762147,5.9264521490493465,4.658332464456748
4.3,51.4,590.5,3.7888560082646237,4.007423729612352,3.71261253806421,7.187823965604629,5.624660473970188,4.577744561177333
10.9,168.4,648.9,2.574814974831643,2.9319704812459086,2.952971212130489,7.367441457892809,5.975445422274014,5.067416946891651
4.7,13.5,212.2,2.65426085742593,3.270012745628838,3.2726957921529305,7.142810614841377,6.1239987086453915,4.983628996080533
8.1,31.6,70.8,3.9924064666524615,4.265148732417838,3.9865323666133037,9.529922342240301,5.997887556660238,4.308732836139388
7.1,198.6,815.9,4.965228642357001,4.427864439660574,3.96257253872478,8.517956015917033,5.710379028013882,4.2855867308107385
3.4,177.9,439.8,4.276419420684608,4.1622706958526905,3.875769472810875,8.413882667011347,5.675467414946603,4.5094222601466285
13.9,90.3,57.7,2.424787672617585,2.9300688833738917,3.037862874516863,7.863762302175811,6.676669698304696,5.112745037111562
2.5,146.8,279.3,3.8088108433014103,3.918344514701845,3.665831824901467,9.398199858048923,5.609767409213628,4.79589090103687
12.3,65.7,848.7,3.7932891667952493,3.9110483400246423,3.658864397870124,7.931373355038119,5.7919333544893625,4.472275964742192
4.8,177.3,171.6,3.000040977897191,3.2571549384522562,3.273250702357041,8.095244870084318,6.127745079908596,5.030406140076469
